First Name,Late Name,Age,Occupation,IDNumber,Address,State,State,EmailJohn,Doe,35,Engineer,1234A,123 St, NY,New York,john.doe@email.comJane,Smith,28,Doctor,5678B,456 Ave, LA,Louisiana,jane.smith@mail.comMary,Johnson,50,Teacher,91011C,789 Blvd, SF,New Mexico,mary.johnson@gmail.comPeter,Brown,60,Retired,2345D,321 Lane, NJ,New Jersey,peter.brown@outlook.comLucy,White,23,Developer,6789E,654 Street, TX,Texas,lucy.white@hotmail.comGeorge,Black,40,Manager,12345F,101 Road, MI,Michigan,george.black@company.comLaura,Green,34,Artist,23456G,202 Path, FL,Florida,laura.green@artworks.orgRobert,Blue,29,Chef,34567H,303 Blvd, TX,Texas,robert.blue@foodie.comSandra,Grey,52,Nurse,45678I,404 Ave, CA,California,sandra.grey@medservices.comBrian,Red,30,Accountant,56789J,505 Street, FL,Florida,brian.red@accounting.comSusan,Yellow,45,Lawyer,67890K,606 Lane, NJ,New Jersey,susan.yellow@lawfirm.comTom,Pink,25,Analyst,78901L,707 Road, OH,Ohio,tom.pink@analyst.comEmma,Orange,38,Consultant,89012M,808 Path, IL,Illinois,emma.orange@consulting.comDavid,Purple,48,Director,90123N,909 Blvd, NY,New York,david.purple@company.comMichael,Silver,27,Technician,11234O,1001 St, TX,Texas,michael.silver@techmail.comAngela,Gold,33,Writer,22345P,1112 Lane, FL,Florida,angela.gold@writing.comJessica,White,29,Lawyer,33456Q,1223 Road, LA,Louisiana,jessica.white@lawfirm.comRichard,Brown,42,Salesman,44567R,1334 Path, TX,Texas,richard.brown@sales.comOlivia,Black,31,Engineer,55678S,1445 Blvd, FL,Florida,olivia.black@engineering.comWilliam,Grey,56,Doctor,66789T,1556 Street, NJ,New Jersey,william.grey@clinic.comAlice,Red,40,Architect,77890U,1667 Ave, CA,California,alice.red@architecture.comFrank,Blue,50,Mechanic,88901V,1778 Lane, TX,Texas,frank.blue@mechanic.comVictoria,Pink,30,Manager,99012W,1889 Path, IL,Illinois,victoria.pink@business.comJames,Green,60,Retired,10123X,1990 Blvd, NY,New York,james.green@retired.comSharon,Brown,25,Programmer,11234Y,2001 St, TX,Texas,sharon.brown@code.comThomas,Yellow,34,Driver,22345Z,2112 Road, CA,California,thomas.yellow@driving.comEvelyn,Blue,27,Data Analyst,33456A,2223 Lane, NJ,New Jersey,evelyn.blue@data.comJustin,Grey,42,Teacher,44567B,2334 Blvd, FL,Florida,justin.grey@school.comRachel,Orange,31,Consultant,55678C,2445 St, TX,Texas,rachel.orange@consult.comSteven,White,29,Engineer,66789D,2556 Lane, LA,Louisiana,steven.white@techmail.comMelanie,Brown,48,Doctor,77890E,2667 Path, MI,Michigan,melanie.brown@clinic.comGary,Black,37,Chef,88901F,2778 Road, NJ,New Jersey,gary.black@food.comHenry,Gold,39,Accountant,99012G,2889 Blvd, CA,California,henry.gold@accounting.comNicole,Pink,28,Analyst,10123H,2990 Path, TX,Texas,nicole.pink@analyst.comSamuel,Red,33,Teacher,11234I,3001 Lane, FL,Florida,samuel.red@school.comBrittany,Green,26,Nurse,22345J,3112 Road, CA,California,brittany.green@med.comRonald,Yellow,45,Lawyer,33456K,3223 St, TX,Texas,ronald.yellow@law.comDeborah,Silver,31,Developer,44567L,3334 Path, IL,Illinois,deborah.silver@tech.comPeter,Blue,38,Director,55678M,3445 Blvd, FL,Florida,peter.blue@company.comChristina,Brown,41,Consultant,66789N,3556 Road, NY,New York,christina.brown@consult.comDavid,Black,29,Writer,77890O,3667 Lane, CA,California,david.black@writing.comDaniel,Grey,32,Manager,88901P,3778 Path, TX,Texas,daniel.grey@management.comSarah,Orange,54,Nurse,99012Q,3889 Blvd, FL,Florida,sarah.orange@med.comMatthew,Green,27,Mechanic,10123R,3990 Road, NJ,New Jersey,matthew.green@mechanic.comAmanda,Red,60,Salesperson,11234S,4001 Lane, TX,Texas,amanda.red@sales.comJoseph,Blue,35,Analyst,22345T,4112 Blvd, LA,Louisiana,joseph.blue@data.comLinda,Brown,44,Accountant,33456U,4223 Path, FL,Florida,linda.brown@accounting.comEric,Pink,26,Doctor,44567V,4334 Road, CA,California,eric.pink@clinic.comOlivia,Green,47,Teacher,55678W,4445 Blvd, TX,Texas,olivia.green@school.comNathan,Black,37,Consultant,66789X,4556 Path, IL,Illinois,nathan.black@consulting.comZoe,Yellow,29,Driver,77890Y,4667 Road, NJ,New Jersey,zoe.yellow@driving.comVanessa,White,41,Developer,88901Z,4778 Blvd, LA,Louisiana,vanessa.white@tech.comCarl,Grey,29,Artist,99012A,4889 Lane, TX,Texas,carl.grey@art.com
